-- phpMyAdmin SQL Dump
-- version 5.2.1
-- https://www.phpmyadmin.net/
--
-- Host: 127.0.0.1
-- Generation Time: Aug 19, 2023 at 07:41 AM
-- Server version: 10.4.28-MariaDB
-- PHP Version: 8.2.4

SET SQL_MODE = "NO_AUTO_VALUE_ON_ZERO";
START TRANSACTION;
SET time_zone = "+00:00";


/*!40101 SET @OLD_CHARACTER_SET_CLIENT=@@CHARACTER_SET_CLIENT */;
/*!40101 SET @OLD_CHARACTER_SET_RESULTS=@@CHARACTER_SET_RESULTS */;
/*!40101 SET @OLD_COLLATION_CONNECTION=@@COLLATION_CONNECTION */;
/*!40101 SET NAMES utf8mb4 */;

--
-- Database: `svc_shop`
--

-- --------------------------------------------------------

--
-- Table structure for table `allmember`
--

CREATE TABLE `allmember` (
  `Username` varchar(100) NOT NULL,
  `Pwd` varchar(50) NOT NULL,
  `Firstname` varchar(100) NOT NULL,
  `Surname` varchar(100) NOT NULL,
  `ClassID` int(3) NOT NULL,
  `Room` int(2) NOT NULL,
  `DepartmentID` int(2) NOT NULL,
  `RoleID` varchar(2) NOT NULL
) ENGINE=InnoDB DEFAULT CHARSET=utf8 COLLATE=utf8_general_ci COMMENT='ตารางข้อมูลสมาชิกทั้งหมด';

--
-- Dumping data for table `allmember`
--

INSERT INTO `allmember` (`Username`, `Pwd`, `Firstname`, `Surname`, `ClassID`, `Room`, `DepartmentID`, `RoleID`) VALUES
('65302040071@svc.ac.th', 'test', 'เงินทองแท้', 'นางบุตรดี', 5, 3, 4, '3'),
('thisissnoopynme96@gmail.com', 'test', 'ทองเงินแท้', 'นางบุตรดี', 5, 3, 4, '1'),
('christmascomingtomyheart@gmail.com', 'test', 'ท่านอาจารย์', 'เงินทองแท้', 1, 0, 1, '2'),
('65302040087@svc.ac.th', 'test', 'สุกฤตา', 'ลาภชูรัต', 5, 3, 4, '1'),
('65302040084@svc.ac.th', 'test', 'วราภรณ์', 'ศิลป์วิลาศ', 5, 3, 4, '1');

-- --------------------------------------------------------

--
-- Table structure for table `bank_info`
--

CREATE TABLE `bank_info` (
  `BankNo` int(11) NOT NULL,
  `BankName` varchar(50) NOT NULL,
  `BankNumber` varchar(15) NOT NULL,
  `BankOwner` varchar(50) NOT NULL,
  `BankDate` date NOT NULL
) ENGINE=InnoDB DEFAULT CHARSET=utf8 COLLATE=utf8_general_ci COMMENT='ข้อมูลธนาคาร';

--
-- Dumping data for table `bank_info`
--

INSERT INTO `bank_info` (`BankNo`, `BankName`, `BankNumber`, `BankOwner`, `BankDate`) VALUES
(1, 'ธนาคารกรุงไทย', '0123456789', 'AdminTest', '2023-07-15');

-- --------------------------------------------------------

--
-- Table structure for table `cake_info`
--

CREATE TABLE `cake_info` (
  `CakeID` int(2) NOT NULL,
  `typeName` varchar(55) NOT NULL,
  `Cake_Pic` varchar(100) NOT NULL,
  `Cake_Name` varchar(100) NOT NULL,
  `Cake_Detail` varchar(255) NOT NULL,
  `Cake_Price` int(3) NOT NULL
) ENGINE=InnoDB DEFAULT CHARSET=utf8 COLLATE=utf8_general_ci COMMENT='รายละเอียดสินค้าประเภทเค้ก';

--
-- Dumping data for table `cake_info`
--

INSERT INTO `cake_info` (`CakeID`, `typeName`, `Cake_Pic`, `Cake_Name`, `Cake_Detail`, `Cake_Price`) VALUES
(1, 'เค้ก', 'buttercake.jpg', 'เค้กเนยสดหน้าแยม', 'เค้กแสนนุ่มที่โรยท็อปปิ้งไปด้วยเมล็ดธัญพืชต่างๆ เยลลี่แสนอร่อย ที่เมื่อรับประทานคู่กับเค้กเนยสดหน้าแยมแล้ว อร่อยคูณสองไปเลย', 200),
(2, 'เค้ก', 'foithong-cake.jpg', 'เค้กครีมฝอยทอง', 'รสชาติดีต่อใจ หน้าเค้กเนียน ฝอยทองแน่นๆ สามารถนำไปมอบเป็นเค้กวันเกิด เค้กปีใหม่ หรือเป็นของพิเศษในโอกาสสำคัญๆ ได้เลย', 200),
(3, 'เค้ก', 'cake-chocolate-choco.jpg', 'เค้กช็อกโกแลตหน้าช็อค', 'เป็นเค้กที่โดดเด่นด้วยความหอมหวานของช็อกโกแลต และความนุ่มนวลของเนื้อเค้กในทุกสัมผัส พร้อมท็อปปิ้งด้วยขนมช็อกโกแลตที่ขึ้นรูปอย่างสวยงาม', 350),
(4, 'เค้ก', 'cake-chocolate-cream.jpg', 'เค้กช็อกโกแลตหน้าครีม', 'มีความคล้ายคลึงกับเค้กช็อกโกแลตหน้าช็อค เพียงแค่เพิ่มครีมลงไปเพื่อเพิ่มความเอร็ดอร่อยและรสชาติที่หลากหลาย', 350),
(5, 'เค้ก', 'brownie.jpg', 'บราวนี', 'ขนมช็อกโกแลตที่หลายๆคนหลงรัก เป็นขนมที่โดดเด่นในรสชาติ ช็อกโกแลตสุดเข้มข้น และมีเนื้อสัมผัสคล้ายเค้ก และคุกกี้ผสมกัน พร้อมโรยท็อปปิ้งไปด้วยถั่วอัลมอนด์และเม็ดมะม่วงหิมพานต์สไลด์', 200),
(6, 'เค้ก', 'mocha-caramel.jpg', 'มอคค่าคาราเมลเค้ก', 'เค้กที่โรยหน้าไปด้วยคาราเมลแสนหวาน พร้อมเติมเม็ดมะม่วงหิมพานต์จนอัดแน่นคุ้มราคา', 250);

-- --------------------------------------------------------

--
-- Table structure for table `class`
--

CREATE TABLE `class` (
  `ClassID` int(3) NOT NULL,
  `ClassName` varchar(6) NOT NULL
) ENGINE=InnoDB DEFAULT CHARSET=utf8 COLLATE=utf8_general_ci COMMENT='ระดับชั้น';

--
-- Dumping data for table `class`
--

INSERT INTO `class` (`ClassID`, `ClassName`) VALUES
(1, 'ปวช.1'),
(2, 'ปวช.2'),
(3, 'ปวช.3'),
(4, 'ปวส.1'),
(5, 'ปวส.2');

-- --------------------------------------------------------

--
-- Table structure for table `cookiep_info`
--

CREATE TABLE `cookiep_info` (
  `CookieP_ID` int(3) NOT NULL,
  `typeID` varchar(55) NOT NULL,
  `CookieP_Pic` varchar(100) NOT NULL,
  `CookieP_Name` varchar(100) NOT NULL,
  `CookieP_Detail` varchar(255) NOT NULL,
  `CookieP_Price` int(4) NOT NULL
) ENGINE=InnoDB DEFAULT CHARSET=utf8 COLLATE=utf8_general_ci COMMENT='รายละเอียดสินค้าประเภทคุกกี้พรีเมียม';

--
-- Dumping data for table `cookiep_info`
--

INSERT INTO `cookiep_info` (`CookieP_ID`, `typeID`, `CookieP_Pic`, `CookieP_Name`, `CookieP_Detail`, `CookieP_Price`) VALUES
(1, 'คุกกี้พรีเมียม', 'cookie-premium.jpg', 'คุกกี้พรีเมียม รสคอร์นเฟลก', 'คุกกี้สูตรลับของวิทยาลัยอาชีวศึกษาสุราษฎร์ธานี ที่ใส่ส่วนผสมสุดพรีเมียมเข้าไปเพื่อเพิ่มความเอร็ดอร่อยและเพิ่มความสนุกในการรับประทาน', 290),
(2, 'คุกกี้พรีเมียม', 'cookie-premium-bean.jpg', 'คุกกี้พรีเมียม รสเม็ดมะม่วงหิมพานต์', 'คุกกี้สูตรลับของวิทยาลัยอาชีวศึกษาสุราษฎร์ธานี ที่ใส่ส่วนผสมสุดพรีเมียมเข้าไปเพื่อเพิ่มความเอร็ดอร่อยและเพิ่มความสนุกในการรับประทาน', 290),
(3, 'คุกกี้พรีเมียม', 'cookie-premium2.jpg', 'คุกกี้พรีเมียม รสมะพร้าว', 'คุกกี้สูตรลับของวิทยาลัยอาชีวศึกษาสุราษฎร์ธานี ที่ใส่ส่วนผสมสุดพรีเมียมเข้าไปเพื่อเพิ่มความเอร็ดอร่อยและเพิ่มความสนุกในการรับประทาน', 290);

-- --------------------------------------------------------

--
-- Table structure for table `cookie_info`
--

CREATE TABLE `cookie_info` (
  `CookieNo` int(3) NOT NULL,
  `typeID` varchar(55) NOT NULL,
  `Cookie_Pic` varchar(100) NOT NULL,
  `Cookie_Name` varchar(100) NOT NULL,
  `Cookie_Size` varchar(3) NOT NULL,
  `Cookie_Detail` varchar(255) NOT NULL,
  `Cookie_Price` int(4) NOT NULL
) ENGINE=InnoDB DEFAULT CHARSET=utf8 COLLATE=utf8_general_ci COMMENT='รายละเอียดสินค้าประเภทคุกกี้เนยสด';

--
-- Dumping data for table `cookie_info`
--

INSERT INTO `cookie_info` (`CookieNo`, `typeID`, `Cookie_Pic`, `Cookie_Name`, `Cookie_Size`, `Cookie_Detail`, `Cookie_Price`) VALUES
(1, 'คุกกี้เนยสด', 'cookie-butter.jpg', 'คุกกี้เนยสด ไซส์ S', 'S', 'คุกกี้สูตรลับของวิทยาลัยอาชีวศึกษาสุราษฎร์ธานี มีรสชาติที่หวานละมุนลิ้นที่เต็มไปด้วยกลิ่นเนยอ่อนๆ อีกทั้งเนื้อคุกกี้มีความกรอบทุกคำ เรียกได้ว่ายิ่งทานยิ่งอร่อย สามารถนำไปมอบเป็นของขวัญปีใหม่ให้กับคนที่คุณรักได้', 100),
(2, 'คุกกี้เนยสด', 'cookie-butter-M.jpg', 'คุกกี้เนยสด ไซส์ M', 'M', 'คุกกี้สูตรลับของวิทยาลัยอาชีวศึกษาสุราษฎร์ธานี มีรสชาติที่หวานละมุนลิ้นที่เต็มไปด้วยกลิ่นเนยอ่อนๆ อีกทั้งเนื้อคุกกี้มีความกรอบทุกคำ เรียกได้ว่ายิ่งทานยิ่งอร่อย สามารถนำไปมอบเป็นของขวัญปีใหม่ให้กับคนที่คุณรักได้', 130),
(3, 'คุกกี้เนยสด', 'cookie-butter-L.jpg', 'คุกกี้เนยสด ไซส์ L', 'L', 'คุกกี้สูตรลับของวิทยาลัยอาชีวศึกษาสุราษฎร์ธานี มีรสชาติที่หวานละมุนลิ้นที่เต็มไปด้วยกลิ่นเนยอ่อนๆ อีกทั้งเนื้อคุกกี้มีความกรอบทุกคำ เรียกได้ว่ายิ่งทานยิ่งอร่อย สามารถนำไปมอบเป็นของขวัญปีใหม่ให้กับคนที่คุณรักได้', 180);

-- --------------------------------------------------------

--
-- Table structure for table `department_info`
--

CREATE TABLE `department_info` (
  `DepartmentID` varchar(2) NOT NULL,
  `Department_TID` varchar(100) NOT NULL,
  `DepartmentName` varchar(100) NOT NULL
) ENGINE=InnoDB DEFAULT CHARSET=utf8 COLLATE=utf8_general_ci COMMENT='ข้อมูลแผนกวิชา';

--
-- Dumping data for table `department_info`
--

INSERT INTO `department_info` (`DepartmentID`, `Department_TID`, `DepartmentName`) VALUES
('1', 'ประเภทวิชาพาณิชยกรรม/บริหารธุรกิจ', 'แผนกวิชาการบัญชี'),
('2', 'ประเภทวิชาพาณิชยกรรม/บริหารธุรกิจ', 'แผนกวิชาการตลาด'),
('3', 'ประเภทวิชาพาณิชยกรรม/บริหารธุรกิจ', 'แผนกวิชาเลขานุการและการจัดการ'),
('4', 'ประเภทวิชาพาณิชยกรรม/บริหารธุรกิจ', 'แผนกวิชาคอมพิวเตอร์ธุรกิจ'),
('5', 'ประเภทวิชาพาณิชยกรรม/บริหารธุรกิจ', 'แผนกวิชาการจัดการโลจิสติกส์และซัพพลายเชน'),
('6', 'ประเภทวิชาศิลปกรรม', 'แผนกวิชาวิจิตรศิลป์'),
('7', 'ประเภทวิชาศิลปกรรม', 'แผนกวิชาออกแบบ'),
('8', 'ประเภทวิชาศิลปกรรม', 'แผนกวิชาคอมพิวเตอร์กราฟิก'),
('9', 'ประเภทวิชาคหกรรม', 'แผนกวิชาเทคโนโลยีแฟชันและเครื่องแต่งกาย'),
('10', 'ประเภทวิชาคหกรรม', 'แผนกวิชาอาหารและโภชนาการ'),
('12', 'ประเภทวิชาอุตสาหกรรมท่องเที่ยว', 'แผนกวิชาการโรงแรม'),
('13', 'ประเภทวิชาอุตสาหกรรมท่องเที่ยว', 'แผนกวิชาการท่องเที่ยว'),
('14', 'ประเภทวิชาพื้นฐาน', 'แผนกวิชาสามัญสัมพันธ์');

-- --------------------------------------------------------

--
-- Table structure for table `department_t`
--

CREATE TABLE `department_t` (
  `Department_TID` varchar(2) NOT NULL,
  `Department_TName` varchar(55) NOT NULL
) ENGINE=InnoDB DEFAULT CHARSET=utf8 COLLATE=utf8_general_ci COMMENT='ประเภทแผนกวิชา';

--
-- Dumping data for table `department_t`
--

INSERT INTO `department_t` (`Department_TID`, `Department_TName`) VALUES
('1', 'ประเภทวิชาพาณิชยกรรม/บริหารธุรกิจ'),
('2', 'ประเภทวิชาศิลปกรรม'),
('3', 'ประเภทวิชาคหกรรม'),
('4', 'ประเภทวิชาอุตสาหกรรมท่องเที่ยว'),
('5', 'ประเภทวิชาพื้นฐาน');

-- --------------------------------------------------------

--
-- Table structure for table `goods_t`
--

CREATE TABLE `goods_t` (
  `typeID` varchar(2) NOT NULL,
  `typeName` varchar(50) NOT NULL
) ENGINE=InnoDB DEFAULT CHARSET=utf8 COLLATE=utf8_general_ci COMMENT='ตารางประเภทสินค้า';

--
-- Dumping data for table `goods_t`
--

INSERT INTO `goods_t` (`typeID`, `typeName`) VALUES
('1', 'คุกกี้เนยสด'),
('2', 'คุกกี้พรีเมียม'),
('3', 'เค้ก');

-- --------------------------------------------------------

--
-- Table structure for table `orderstatus`
--

CREATE TABLE `orderstatus` (
  `StatusNo` int(2) NOT NULL,
  `Status` varchar(50) NOT NULL
) ENGINE=InnoDB DEFAULT CHARSET=utf8 COLLATE=utf8_general_ci;

--
-- Dumping data for table `orderstatus`
--

INSERT INTO `orderstatus` (`StatusNo`, `Status`) VALUES
(1, 'รอชำระเงิน'),
(2, 'ชำระเงินเรียบร้อย'),
(3, 'รับสินค้าเรียบร้อย'),
(4, 'รอดำเนินการ');

-- --------------------------------------------------------

--
-- Table structure for table `order_cart`
--

CREATE TABLE `order_cart` (
  `Order_No` int(5) NOT NULL COMMENT 'เลขสั่งซื้อ',
  `Username` varchar(100) NOT NULL,
  `price_total` int(5) NOT NULL,
  `PaymentID` varchar(50) NOT NULL,
  `StatusNo` varchar(100) NOT NULL,
  `order_date` date NOT NULL,
  `order_ss` date NOT NULL,
  `cart_edit_name` varchar(55) NOT NULL COMMENT 'ผู้แก้ไขข้อมูล'
) ENGINE=InnoDB DEFAULT CHARSET=utf8 COLLATE=utf8_general_ci COMMENT='ตะกร้า/ประวัติการสั่งซื้อ';

--
-- Dumping data for table `order_cart`
--

INSERT INTO `order_cart` (`Order_No`, `Username`, `price_total`, `PaymentID`, `StatusNo`, `order_date`, `order_ss`, `cart_edit_name`) VALUES
(1, '65302040084@svc.ac.th', 0, '0', '4', '0000-00-00', '0000-00-00', ''),
(2, '65302040087@svc.ac.th', 4040, 'ชำระเงินผ่านธนาคาร', '4', '2023-07-23', '0000-00-00', 'เงินทองแท้ นางบุตรดี'),
(3, '65302040084@svc.ac.th', 350, 'ชำระเงินด้วยเงินสด', '4', '0000-00-00', '0000-00-00', 'เงินทองแท้ นางบุตรดี'),
(4, '65302040084@svc.ac.th', 0, 'ชำระเงินด้วยเงินสด', '4', '0000-00-00', '0000-00-00', ''),
(5, '65302040084@svc.ac.th', 0, 'ชำระเงินด้วยเงินสด', '4', '0000-00-00', '0000-00-00', ''),
(6, '65302040084@svc.ac.th', 850, 'ชำระเงินด้วยเงินสด', '4', '0000-00-00', '0000-00-00', ''),
(7, '65302040084@svc.ac.th', 350, 'ชำระเงินด้วยเงินสด', '4', '0000-00-00', '0000-00-00', ''),
(8, '65302040084@svc.ac.th', 350, 'ชำระเงินด้วยเงินสด', '4', '0000-00-00', '0000-00-00', ''),
(9, '65302040084@svc.ac.th', 1150, 'ชำระเงินผ่านธนาคาร', '4', '2023-07-23', '0000-00-00', ''),
(10, '65302040084@svc.ac.th', 0, 'ชำระเงินผ่านธนาคาร', '4', '2023-07-23', '0000-00-00', ''),
(11, '65302040084@svc.ac.th', 0, 'ชำระเงินผ่านธนาคาร', '4', '2023-07-23', '0000-00-00', ''),
(12, '65302040084@svc.ac.th', 0, 'ชำระเงินผ่านธนาคาร', '4', '2023-07-23', '0000-00-00', ''),
(13, '65302040084@svc.ac.th', 650, 'ชำระเงินด้วยเงินสด', '4', '0000-00-00', '0000-00-00', ''),
(14, '65302040087@svc.ac.th', 350, 'ชำระเงินด้วยเงินสด', '4', '2023-07-23', '0000-00-00', ''),
(15, '65302040087@svc.ac.th', 0, 'ชำระเงินด้วยเงินสด', '4', '2023-07-23', '0000-00-00', ''),
(16, '65302040087@svc.ac.th', 0, 'ชำระเงินด้วยเงินสด', '4', '2023-07-23', '0000-00-00', ''),
(17, '65302040087@svc.ac.th', 650, 'ชำระเงินด้วยเงินสด', '4', '2023-07-23', '0000-00-00', ''),
(18, '65302040087@svc.ac.th', 0, 'ชำระเงินด้วยเงินสด', '4', '2023-07-23', '0000-00-00', ''),
(19, '65302040084@svc.ac.th', 350, 'ชำระเงินด้วยเงินสด', '4', '0000-00-00', '0000-00-00', ''),
(20, '65302040084@svc.ac.th', 0, 'ชำระเงินด้วยเงินสด', '4', '0000-00-00', '0000-00-00', ''),
(21, '65302040084@svc.ac.th', 0, 'ชำระเงินด้วยเงินสด', '4', '0000-00-00', '0000-00-00', ''),
(22, '65302040087@svc.ac.th', 500, 'ชำระเงินด้วยเงินสด', '4', '2023-07-23', '0000-00-00', ''),
(23, '65302040087@svc.ac.th', 0, 'ชำระเงินด้วยเงินสด', '4', '2023-07-23', '0000-00-00', ''),
(24, '65302040087@svc.ac.th', 700, 'ชำระเงินด้วยเงินสด', '4', '2023-07-23', '0000-00-00', ''),
(25, '65302040087@svc.ac.th', 0, 'ชำระเงินด้วยเงินสด', '4', '2023-07-23', '0000-00-00', ''),
(26, '65302040087@svc.ac.th', 0, 'ชำระเงินด้วยเงินสด', '4', '2023-07-23', '0000-00-00', ''),
(27, '65302040087@svc.ac.th', 0, 'ชำระเงินด้วยเงินสด', '4', '2023-07-23', '0000-00-00', ''),
(28, '65302040087@svc.ac.th', 0, 'ชำระเงินด้วยเงินสด', '4', '2023-07-23', '0000-00-00', ''),
(29, '65302040087@svc.ac.th', 0, 'ชำระเงินด้วยเงินสด', '4', '2023-07-23', '0000-00-00', ''),
(30, '65302040087@svc.ac.th', 0, 'ชำระเงินด้วยเงินสด', '4', '2023-07-23', '0000-00-00', ''),
(31, '65302040087@svc.ac.th', 0, 'ชำระเงินด้วยเงินสด', '4', '2023-07-23', '0000-00-00', ''),
(32, '65302040087@svc.ac.th', 0, 'ชำระเงินด้วยเงินสด', '4', '2023-07-23', '0000-00-00', ''),
(33, '65302040087@svc.ac.th', 0, 'ชำระเงินด้วยเงินสด', '4', '2023-07-23', '0000-00-00', ''),
(34, '65302040087@svc.ac.th', 0, 'ชำระเงินด้วยเงินสด', '4', '2023-07-23', '0000-00-00', ''),
(35, '65302040087@svc.ac.th', 0, 'ชำระเงินด้วยเงินสด', '4', '2023-07-23', '0000-00-00', ''),
(36, '65302040087@svc.ac.th', 0, 'ชำระเงินด้วยเงินสด', '4', '2023-07-23', '0000-00-00', ''),
(37, '65302040087@svc.ac.th', 0, 'ชำระเงินด้วยเงินสด', '4', '2023-07-23', '0000-00-00', ''),
(38, '65302040087@svc.ac.th', 0, 'ชำระเงินด้วยเงินสด', '4', '2023-07-23', '0000-00-00', ''),
(39, '65302040087@svc.ac.th', 0, 'ชำระเงินด้วยเงินสด', '4', '2023-07-23', '0000-00-00', ''),
(40, '65302040087@svc.ac.th', 0, 'ชำระเงินด้วยเงินสด', '4', '2023-07-23', '0000-00-00', ''),
(41, '65302040087@svc.ac.th', 0, 'ชำระเงินด้วยเงินสด', '4', '2023-07-23', '0000-00-00', ''),
(42, '65302040087@svc.ac.th', 0, 'ชำระเงินด้วยเงินสด', '4', '2023-07-23', '0000-00-00', ''),
(43, '65302040087@svc.ac.th', 0, 'ชำระเงินด้วยเงินสด', '4', '2023-07-23', '0000-00-00', ''),
(44, '65302040087@svc.ac.th', 0, 'ชำระเงินด้วยเงินสด', '4', '2023-07-23', '0000-00-00', ''),
(45, '65302040087@svc.ac.th', 0, 'ชำระเงินด้วยเงินสด', '4', '2023-07-23', '0000-00-00', ''),
(46, '65302040084@svc.ac.th', 0, 'ชำระเงินด้วยเงินสด', '4', '0000-00-00', '0000-00-00', ''),
(47, '65302040087@svc.ac.th', 3300, 'ชำระเงินผ่านธนาคาร', '4', '2023-07-24', '0000-00-00', ''),
(48, '65302040087@svc.ac.th', 3300, 'ชำระเงินผ่านธนาคาร', '4', '2023-07-24', '0000-00-00', ''),
(49, '65302040087@svc.ac.th', 3300, 'ชำระเงินผ่านธนาคาร', '4', '2023-07-24', '0000-00-00', ''),
(50, '65302040087@svc.ac.th', 3300, 'ชำระเงินผ่านธนาคาร', '4', '2023-07-24', '0000-00-00', ''),
(51, '65302040087@svc.ac.th', 3300, 'ชำระเงินผ่านธนาคาร', '4', '2023-07-24', '0000-00-00', ''),
(52, '65302040087@svc.ac.th', 3300, 'ชำระเงินผ่านธนาคาร', '4', '2023-07-24', '0000-00-00', ''),
(53, '65302040087@svc.ac.th', 3300, 'ชำระเงินผ่านธนาคาร', '4', '2023-07-24', '0000-00-00', ''),
(54, '65302040087@svc.ac.th', 3300, 'ชำระเงินผ่านธนาคาร', '4', '2023-07-24', '0000-00-00', ''),
(55, '65302040087@svc.ac.th', 3300, 'ชำระเงินผ่านธนาคาร', '4', '2023-07-24', '0000-00-00', ''),
(56, '65302040087@svc.ac.th', 3300, 'ชำระเงินผ่านธนาคาร', '4', '2023-07-24', '0000-00-00', ''),
(57, '65302040084@svc.ac.th', 0, '', '4', '0000-00-00', '0000-00-00', ''),
(58, '65302040084@svc.ac.th', 0, '', '4', '0000-00-00', '0000-00-00', ''),
(59, '65302040084@svc.ac.th', 0, '', '4', '0000-00-00', '0000-00-00', ''),
(60, '65302040087@svc.ac.th', 0, 'ชำระเงินผ่านธนาคาร', '4', '2023-07-24', '0000-00-00', ''),
(61, '65302040087@svc.ac.th', 0, 'ชำระเงินผ่านธนาคาร', '4', '2023-07-24', '0000-00-00', ''),
(62, '65302040084@svc.ac.th', 0, 'ชำระเงินผ่านธนาคาร', '4', '2023-07-24', '0000-00-00', ''),
(63, '65302040084@svc.ac.th', 1450, 'ชำระเงินด้วยเงินสด', '4', '0000-00-00', '0000-00-00', ''),
(64, '65302040084@svc.ac.th', 200, 'ชำระเงินด้วยเงินสด', '3', '2023-07-24', '0000-00-00', 'ท่านอาจารย์ เงินทองแท้'),
(65, '65302040084@svc.ac.th', 200, 'ชำระเงินด้วยเงินสด', '3', '0000-00-00', '0000-00-00', 'เงินทองแท้ นางบุตรดี'),
(66, 'christmascomingtomyheart@gmail.com', 1000, 'ชำระเงินด้วยเงินสด', '3', '2023-07-26', '0000-00-00', 'เงินทองแท้ นางบุตรดี'),
(67, 'christmascomingtomyheart@gmail.com', 200, 'ชำระเงินผ่านธนาคาร', '2', '2023-07-28', '0000-00-00', 'ท่านอาจารย์ เงินทองแท้'),
(68, 'christmascomingtomyheart@gmail.com', 350, 'ชำระเงินผ่านธนาคาร', '3', '2023-07-28', '0000-00-00', 'ท่านอาจารย์ เงินทองแท้'),
(69, 'christmascomingtomyheart@gmail.com', 550, 'ชำระเงินผ่านธนาคาร', '2', '2023-07-28', '0000-00-00', 'เงินทองแท้ นางบุตรดี'),
(70, 'christmascomingtomyheart@gmail.com', 0, 'ชำระเงินผ่านธนาคาร', '4', '2023-07-28', '0000-00-00', ''),
(71, 'christmascomingtomyheart@gmail.com', 0, 'ชำระเงินผ่านธนาคาร', '3', '2023-07-28', '0000-00-00', 'เงินทองแท้ นางบุตรดี'),
(72, 'christmascomingtomyheart@gmail.com', 0, 'ชำระเงินผ่านธนาคาร', '3', '2023-07-28', '0000-00-00', 'test1'),
(73, 'christmascomingtomyheart@gmail.com', 0, 'ชำระเงินผ่านธนาคาร', '3', '2023-07-28', '0000-00-00', 'test1'),
(74, 'christmascomingtomyheart@gmail.com', 0, 'ชำระเงินผ่านธนาคาร', '3', '2023-07-28', '0000-00-00', 'test1'),
(75, 'christmascomingtomyheart@gmail.com', 0, 'ชำระเงินผ่านธนาคาร', '4', '2023-07-28', '0000-00-00', ''),
(76, 'christmascomingtomyheart@gmail.com', 350, 'ชำระเงินผ่านธนาคาร', '3', '2023-07-28', '0000-00-00', 'ท่านอาจารย์ เงินทองแท้'),
(77, 'christmascomingtomyheart@gmail.com', 200, 'ชำระเงินผ่านธนาคาร', '3', '2023-07-28', '0000-00-00', 'ท่านอาจารย์ เงินทองแท้'),
(78, 'christmascomingtomyheart@gmail.com', 2850, 'ชำระเงินผ่านธนาคาร', '3', '2023-07-29', '0000-00-00', 'ท่านอาจารย์ เงินทองแท้'),
(79, '65302040084@svc.ac.th', 2750, 'ชำระเงินด้วยเงินสด', '3', '2023-07-29', '0000-00-00', 'ท่านอาจารย์ เงินทองแท้'),
(80, '65302040087@svc.ac.th', 1950, 'ชำระเงินผ่านธนาคาร', '3', '2023-07-29', '0000-00-00', 'ท่านอาจารย์ เงินทองแท้'),
(81, 'christmascomingtomyheart@gmail.com', 500, 'ชำระเงินด้วยเงินสด', '3', '2023-07-30', '0000-00-00', 'ท่านอาจารย์ เงินทองแท้'),
(82, 'christmascomingtomyheart@gmail.com', 1000, 'ชำระเงินด้วยเงินสด', '4', '2023-07-30', '0000-00-00', ''),
(83, 'christmascomingtomyheart@gmail.com', 200, 'ชำระเงินด้วยเงินสด', '3', '2023-07-31', '0000-00-00', 'ท่านอาจารย์ เงินทองแท้'),
(84, 'christmascomingtomyheart@gmail.com', 500, 'ชำระเงินผ่านธนาคาร', '4', '2023-08-01', '0000-00-00', ''),
(85, 'christmascomingtomyheart@gmail.com', 500, 'ชำระเงินผ่านธนาคาร', '4', '2023-08-01', '0000-00-00', ''),
(86, 'christmascomingtomyheart@gmail.com', 500, 'ชำระเงินด้วยเงินสด', '4', '2023-08-01', '0000-00-00', ''),
(87, 'christmascomingtomyheart@gmail.com', 1000, 'ชำระเงินด้วยเงินสด', '4', '2023-08-01', '0000-00-00', ''),
(88, 'christmascomingtomyheart@gmail.com', 1000, 'ชำระเงินด้วยเงินสด', '4', '2023-08-01', '0000-00-00', ''),
(89, 'christmascomingtomyheart@gmail.com', 500, 'ชำระเงินด้วยเงินสด', '4', '2023-08-01', '0000-00-00', ''),
(90, 'christmascomingtomyheart@gmail.com', 500, 'ชำระเงินด้วยเงินสด', '4', '2023-08-01', '0000-00-00', ''),
(91, 'christmascomingtomyheart@gmail.com', 500, 'ชำระเงินด้วยเงินสด', '4', '2023-08-01', '0000-00-00', ''),
(92, 'christmascomingtomyheart@gmail.com', 500, 'ชำระเงินด้วยเงินสด', '4', '2023-08-01', '0000-00-00', ''),
(93, 'christmascomingtomyheart@gmail.com', 500, 'ชำระเงินด้วยเงินสด', '4', '2023-08-01', '0000-00-00', ''),
(94, 'christmascomingtomyheart@gmail.com', 700, 'ชำระเงินด้วยเงินสด', '4', '2023-08-01', '0000-00-00', ''),
(95, 'christmascomingtomyheart@gmail.com', 700, 'ชำระเงินด้วยเงินสด', '4', '2023-08-01', '0000-00-00', ''),
(96, 'christmascomingtomyheart@gmail.com', 700, 'ชำระเงินด้วยเงินสด', '4', '2023-08-01', '0000-00-00', ''),
(97, 'christmascomingtomyheart@gmail.com', 500, 'ชำระเงินด้วยเงินสด', '4', '2023-08-01', '0000-00-00', ''),
(98, 'christmascomingtomyheart@gmail.com', 500, 'ชำระเงินด้วยเงินสด', '4', '2023-08-01', '0000-00-00', ''),
(99, 'christmascomingtomyheart@gmail.com', 500, 'ชำระเงินด้วยเงินสด', '4', '2023-08-01', '0000-00-00', ''),
(100, 'christmascomingtomyheart@gmail.com', 1000, 'ชำระเงินด้วยเงินสด', '4', '2023-08-01', '0000-00-00', ''),
(101, 'christmascomingtomyheart@gmail.com', 1000, 'ชำระเงินด้วยเงินสด', '4', '2023-08-01', '0000-00-00', ''),
(102, 'christmascomingtomyheart@gmail.com', 1000, 'ชำระเงินด้วยเงินสด', '4', '2023-08-01', '0000-00-00', ''),
(103, 'christmascomingtomyheart@gmail.com', 1000, 'ชำระเงินด้วยเงินสด', '4', '2023-08-01', '0000-00-00', ''),
(104, 'christmascomingtomyheart@gmail.com', 1000, 'ชำระเงินด้วยเงินสด', '4', '2023-08-01', '0000-00-00', ''),
(105, 'christmascomingtomyheart@gmail.com', 1000, 'ชำระเงินด้วยเงินสด', '3', '2023-08-01', '0000-00-00', '2'),
(106, 'christmascomingtomyheart@gmail.com', 1000, 'ชำระเงินด้วยเงินสด', '3', '2023-08-01', '0000-00-00', '2'),
(107, 'christmascomingtomyheart@gmail.com', 1000, 'ชำระเงินด้วยเงินสด', '3', '2023-08-01', '0000-00-00', 'test1'),
(108, 'christmascomingtomyheart@gmail.com', 1500, 'ชำระเงินด้วยเงินสด', '4', '2023-08-01', '0000-00-00', ''),
(109, 'christmascomingtomyheart@gmail.com', 1500, 'ชำระเงินด้วยเงินสด', '4', '2023-08-01', '0000-00-00', ''),
(110, 'christmascomingtomyheart@gmail.com', 1500, 'ชำระเงินด้วยเงินสด', '4', '2023-08-01', '0000-00-00', ''),
(111, 'christmascomingtomyheart@gmail.com', 500, 'ชำระเงินผ่านธนาคาร', '4', '2023-08-01', '0000-00-00', ''),
(112, 'christmascomingtomyheart@gmail.com', 500, 'ชำระเงินผ่านธนาคาร', '4', '2023-08-01', '0000-00-00', ''),
(113, 'christmascomingtomyheart@gmail.com', 500, 'ชำระเงินผ่านธนาคาร', '4', '2023-08-01', '0000-00-00', ''),
(114, 'thisissnoopynme96@gmail.com', 200, 'ชำระเงินผ่านธนาคาร', '4', '2023-08-01', '0000-00-00', ''),
(115, 'christmascomingtomyheart@gmail.com', 500, 'ชำระเงินด้วยเงินสด', '3', '2023-08-01', '0000-00-00', 'ท่านอาจารย์ เงินทองแท้'),
(116, 'thisissnoopynme96@gmail.com', 200, 'ชำระเงินด้วยเงินสด', '3', '2023-08-01', '0000-00-00', 'ท่านอาจารย์ เงินทองแท้'),
(117, 'thisissnoopynme96@gmail.com', 650, 'ชำระเงินด้วยเงินสด', '4', '2023-08-01', '0000-00-00', ''),
(118, 'thisissnoopynme96@gmail.com', 618, 'ชำระเงินด้วยเงินสด', '4', '2023-08-09', '0000-00-00', ''),
(119, 'thisissnoopynme96@gmail.com', 0, 'ชำระเงินด้วยเงินสด', '4', '2023-08-11', '0000-00-00', ''),
(120, 'thisissnoopynme96@gmail.com', 0, 'ชำระเงินด้วยเงินสด', '4', '2023-08-11', '0000-00-00', ''),
(121, 'thisissnoopynme96@gmail.com', 190, 'ชำระเงินด้วยเงินสด', '4', '2023-08-11', '0000-00-00', ''),
(122, 'thisissnoopynme96@gmail.com', 190, 'ชำระเงินด้วยเงินสด', '4', '2023-08-11', '0000-00-00', ''),
(123, 'thisissnoopynme96@gmail.com', 190, 'ชำระเงินด้วยเงินสด', '4', '2023-08-11', '0000-00-00', ''),
(124, 'thisissnoopynme96@gmail.com', 0, 'ชำระเงินด้วยเงินสด', '4', '2023-08-12', '0000-00-00', ''),
(125, 'thisissnoopynme96@gmail.com', 0, 'ชำระเงินด้วยเงินสด', '4', '2023-08-12', '0000-00-00', ''),
(126, 'thisissnoopynme96@gmail.com', 0, 'ชำระเงินด้วยเงินสด', '4', '2023-08-12', '0000-00-00', ''),
(127, 'thisissnoopynme96@gmail.com', 0, 'ชำระเงินด้วยเงินสด', '4', '2023-08-12', '0000-00-00', ''),
(128, 'thisissnoopynme96@gmail.com', 0, 'ชำระเงินด้วยเงินสด', '4', '2023-08-12', '0000-00-00', ''),
(129, 'thisissnoopynme96@gmail.com', 0, 'ชำระเงินด้วยเงินสด', '4', '2023-08-12', '0000-00-00', ''),
(130, 'thisissnoopynme96@gmail.com', 475, 'ชำระเงินด้วยเงินสด', '4', '2023-08-12', '0000-00-00', ''),
(131, 'thisissnoopynme96@gmail.com', 475, 'ชำระเงินด้วยเงินสด', '4', '2023-08-12', '0000-00-00', ''),
(132, 'thisissnoopynme96@gmail.com', 0, 'ชำระเงินด้วยเงินสด', '4', '2023-08-12', '0000-00-00', ''),
(133, 'thisissnoopynme96@gmail.com', 0, 'ชำระเงินด้วยเงินสด', '4', '2023-08-12', '0000-00-00', ''),
(134, 'thisissnoopynme96@gmail.com', 475, 'ชำระเงินด้วยเงินสด', '4', '2023-08-12', '0000-00-00', ''),
(135, 'thisissnoopynme96@gmail.com', 475, 'ชำระเงินผ่านธนาคาร', '4', '2023-08-12', '0000-00-00', ''),
(136, 'thisissnoopynme96@gmail.com', 475, 'ชำระเงินผ่านธนาคาร', '4', '0000-00-00', '0000-00-00', ''),
(137, 'thisissnoopynme96@gmail.com', 475, 'ชำระเงินด้วยเงินสด', '4', '0000-00-00', '0000-00-00', ''),
(138, 'thisissnoopynme96@gmail.com', 475, 'ชำระเงินผ่านธนาคาร', '4', '0000-00-00', '0000-00-00', ''),
(139, 'thisissnoopynme96@gmail.com', 475, 'ชำระเงินผ่านธนาคาร', '4', '2023-08-12', '0000-00-00', ''),
(140, 'thisissnoopynme96@gmail.com', 475, 'ชำระเงินด้วยเงินสด', '4', '2023-08-12', '0000-00-00', ''),
(141, 'thisissnoopynme96@gmail.com', 475, 'ชำระเงินด้วยเงินสด', '4', '2023-08-12', '0000-00-00', ''),
(142, 'thisissnoopynme96@gmail.com', 475, 'ชำระเงินผ่านธนาคาร', '4', '2023-08-12', '0000-00-00', ''),
(143, 'thisissnoopynme96@gmail.com', 475, 'ชำระเงินผ่านธนาคาร', '4', '2023-08-12', '0000-00-00', ''),
(144, 'thisissnoopynme96@gmail.com', 475, 'ชำระเงินด้วยเงินสด', '4', '0000-00-00', '0000-00-00', ''),
(145, 'thisissnoopynme96@gmail.com', 475, 'ชำระเงินด้วยเงินสด', '4', '0000-00-00', '0000-00-00', ''),
(146, 'thisissnoopynme96@gmail.com', 475, 'ชำระเงินด้วยเงินสด', '4', '0000-00-00', '0000-00-00', ''),
(147, 'thisissnoopynme96@gmail.com', 190, 'ชำระเงินด้วยเงินสด', '4', '2023-08-13', '0000-00-00', ''),
(148, 'thisissnoopynme96@gmail.com', 190, 'ชำระเงินด้วยเงินสด', '4', '2023-08-13', '0000-00-00', ''),
(149, 'thisissnoopynme96@gmail.com', 190, 'ชำระเงินด้วยเงินสด', '4', '2023-08-13', '0000-00-00', ''),
(150, 'thisissnoopynme96@gmail.com', 650, 'ชำระเงินด้วยเงินสด', '4', '2023-08-13', '0000-00-00', 'เงินทองแท้ นางบุตรดี'),
(151, 'thisissnoopynme96@gmail.com', 650, 'ชำระเงินด้วยเงินสด', '4', '2023-08-13', '0000-00-00', 'เงินทองแท้ นางบุตรดี'),
(152, 'thisissnoopynme96@gmail.com', 650, 'ชำระเงินด้วยเงินสด', '4', '2023-08-13', '0000-00-00', 'เงินทองแท้ นางบุตรดี'),
(153, 'thisissnoopynme96@gmail.com', 350, 'ชำระเงินด้วยเงินสด', '4', '2023-08-13', '0000-00-00', 'เงินทองแท้ นางบุตรดี'),
(154, 'thisissnoopynme96@gmail.com', 475, 'ชำระเงินผ่านธนาคาร', '4', '2023-08-13', '0000-00-00', 'เงินทองแท้ นางบุตรดี'),
(155, 'thisissnoopynme96@gmail.com', 825, 'ชำระเงินด้วยเงินสด', '4', '2023-08-13', '0000-00-00', 'เงินทองแท้ นางบุตรดี'),
(156, 'thisissnoopynme96@gmail.com', 825, 'ชำระเงินด้วยเงินสด', '4', '2023-08-14', '0000-00-00', 'เงินทองแท้ นางบุตรดี'),
(157, 'thisissnoopynme96@gmail.com', 540, 'ชำระเงินด้วยเงินสด', '4', '2023-08-14', '0000-00-00', 'เงินทองแท้ นางบุตรดี'),
(158, 'thisissnoopynme96@gmail.com', 900, 'ชำระเงินด้วยเงินสด', '4', '2023-08-14', '0000-00-00', 'เงินทองแท้ นางบุตรดี'),
(159, 'thisissnoopynme96@gmail.com', 650, 'ชำระเงินด้วยเงินสด', '4', '2023-08-16', '0000-00-00', 'เงินทองแท้ นางบุตรดี'),
(160, '65302040084@svc.ac.th', 350, 'ชำระเงินด้วยเงินสด', '4', '2023-08-18', '0000-00-00', 'เงินทองแท้ นางบุตรดี'),
(161, 'christmascomingtomyheart@gmail.com', 190, 'ชำระเงินด้วยเงินสด', '4', '2023-08-18', '0000-00-00', 'เงินทองแท้ นางบุตรดี'),
(162, 'christmascomingtomyheart@gmail.com', 1700, 'ชำระเงินด้วยเงินสด', '4', '2023-08-19', '0000-00-00', '');

-- --------------------------------------------------------

--
-- Table structure for table `order_cart_detail`
--

CREATE TABLE `order_cart_detail` (
  `no` int(5) NOT NULL COMMENT 'ลำดับ',
  `Order_NO` int(5) NOT NULL COMMENT 'เลขที่สั่งซื้อ',
  `PD_NO` varchar(3) NOT NULL COMMENT 'รหัสสินค้า',
  `PD_Price` int(5) NOT NULL COMMENT 'ราคา/หน่วย',
  `QTY` int(3) NOT NULL COMMENT 'จำนวน',
  `price_total` int(5) NOT NULL COMMENT 'ราคารวม',
  `payment_slip` varchar(100) DEFAULT NULL COMMENT 'หลักฐานการชำระเงิน'
) ENGINE=InnoDB DEFAULT CHARSET=utf8 COLLATE=utf8_general_ci COMMENT='รายละเอียดคำสั่งซื้อ';

--
-- Dumping data for table `order_cart_detail`
--

INSERT INTO `order_cart_detail` (`no`, `Order_NO`, `PD_NO`, `PD_Price`, `QTY`, `price_total`, `payment_slip`) VALUES
(1, 63, '1', 200, 2, 1450, ''),
(2, 63, '9', 350, 3, 1450, ''),
(3, 64, '1', 200, 1, 200, ''),
(4, 65, '1', 200, 1, 200, ''),
(5, 66, '9', 350, 1, 1000, ''),
(6, 66, '11', 650, 1, 1000, ''),
(7, 67, '1', 200, 1, 200, 'download (7).jpg'),
(8, 68, '2', 350, 1, 350, 'logo.png'),
(9, 69, '1', 200, 1, 550, 'logo.png'),
(10, 69, '2', 350, 1, 550, 'logo.png'),
(11, 76, '2', 350, 1, 350, 'download (7).jpg'),
(12, 77, '1', 200, 1, 200, 'logo.png'),
(13, 78, '1', 200, 3, 2850, '20211007_154752.jpg'),
(14, 78, '9', 350, 5, 2850, '20211007_154752.jpg'),
(15, 78, '17', 250, 2, 2850, '20211007_154752.jpg'),
(16, 79, '1', 200, 2, 2750, 'Pikachu What _ Pikachu.png'),
(17, 79, '11', 650, 2, 2750, 'Pikachu What _ Pikachu.png'),
(18, 79, '13', 350, 3, 2750, 'Pikachu What _ Pikachu.png'),
(19, 80, '8', 650, 3, 1950, '117039483_660949744504993_6906813879632585076_n.jpg'),
(20, 81, '3', 500, 1, 500, ''),
(21, 82, '3', 500, 2, 1000, ''),
(22, 83, '1', 200, 1, 200, ''),
(23, 107, '1', 0, 1, 1000, ''),
(24, 112, '3', 500, 1, 500, 'download (7).jpg'),
(25, 113, '3', 500, 1, 500, '117039483_660949744504993_6906813879632585076_n.jpg'),
(26, 114, '1', 200, 1, 200, '242659465_4458591007581566_8459029508564084988_n.jpg'),
(27, 115, '3', 500, 1, 500, ''),
(28, 116, '1', 200, 1, 200, ''),
(29, 117, '8', 650, 1, 650, ''),
(30, 118, '8', 650, 1, 618, ''),
(31, 119, '1', 200, 1, 0, ''),
(32, 120, '1', 200, 1, 0, ''),
(33, 121, '1', 200, 1, 190, ''),
(34, 123, '1', 200, 1, 190, ''),
(35, 124, '3', 500, 3, 0, ''),
(36, 124, '8', 650, 2, 0, ''),
(37, 125, '3', 0, 1, 475, ''),
(38, 126, '3', 0, 1, 475, ''),
(39, 140, '3', 0, 1, 475, ''),
(40, 142, '3', 0, 1, 475, ''),
(41, 147, '1', 0, 1, 190, ''),
(42, 149, '1', 200, 1, 190, ''),
(43, 150, '1', 200, 4, 650, ''),
(44, 150, '3', 500, 2, 650, ''),
(45, 150, '8', 650, 2, 650, ''),
(46, 152, '1', 200, 1, 650, ''),
(47, 152, '8', 650, 1, 650, ''),
(48, 153, '3', 500, 1, 350, ''),
(49, 153, '9', 350, 1, 350, ''),
(50, 154, '9', 350, 1, 475, ''),
(51, 154, '3', 500, 1, 475, ''),
(52, 155, '3', 500, 1, 350, ''),
(53, 155, '9', 350, 1, 350, ''),
(54, 156, '3', 500, 1, 350, ''),
(55, 156, '9', 350, 1, 350, ''),
(56, 157, '1', 200, 1, 540, ''),
(57, 157, '9', 350, 1, 540, ''),
(58, 158, '11', 650, 1, 900, ''),
(59, 158, '17', 250, 1, 900, ''),
(60, 159, '11', 650, 1, 650, ''),
(61, 160, '13', 350, 1, 350, ''),
(62, 161, '1', 200, 1, 190, ''),
(63, 162, '2', 350, 3, 1700, ''),
(64, 162, '11', 650, 1, 1700, '');

-- --------------------------------------------------------

--
-- Table structure for table `payment_t`
--

CREATE TABLE `payment_t` (
  `PaymentID` varchar(2) NOT NULL,
  `PaymentName` varchar(55) NOT NULL
) ENGINE=InnoDB DEFAULT CHARSET=utf8 COLLATE=utf8_general_ci COMMENT='ประเภทการชำระเงิน';

--
-- Dumping data for table `payment_t`
--

INSERT INTO `payment_t` (`PaymentID`, `PaymentName`) VALUES
('1', 'ชำระเงินด้วยเงินสด'),
('2', 'ชำระเงินผ่านธนาคาร');

-- --------------------------------------------------------

--
-- Table structure for table `prename_t`
--

CREATE TABLE `prename_t` (
  `PrenameID` varchar(10) NOT NULL,
  `Prename` varchar(15) NOT NULL
) ENGINE=InnoDB DEFAULT CHARSET=utf8 COLLATE=utf8_general_ci COMMENT='คำนำหน้า';

--
-- Dumping data for table `prename_t`
--

INSERT INTO `prename_t` (`PrenameID`, `Prename`) VALUES
('1', 'นาย'),
('2', 'นางสาว');

-- --------------------------------------------------------

--
-- Table structure for table `product_info`
--

CREATE TABLE `product_info` (
  `PD_No` int(3) NOT NULL,
  `PD_Pic` varchar(100) NOT NULL,
  `PD_Name` varchar(100) NOT NULL,
  `typeName` varchar(100) NOT NULL,
  `PD_Detail` varchar(255) NOT NULL,
  `PD_amount` int(4) NOT NULL,
  `PD_Price` int(4) NOT NULL,
  `discount` int(2) NOT NULL COMMENT 'ส่วนลด'
) ENGINE=InnoDB DEFAULT CHARSET=utf8 COLLATE=utf8_general_ci COMMENT='ตารางรวมทุกสินค้า';

--
-- Dumping data for table `product_info`
--

INSERT INTO `product_info` (`PD_No`, `PD_Pic`, `PD_Name`, `typeName`, `PD_Detail`, `PD_amount`, `PD_Price`, `discount`) VALUES
(1, 'buttercake.jpg', 'เค้กเนยสดหน้าแยม ขนาด 1 ปอนด์', 'คุกกี้เนยสด', 'เค้กแสนนุ่มที่โรยท็อปปิ้งไปด้วยเมล็ดธัญพืชต่างๆ เยลลี่แสนอร่อย ที่เมื่อรับประทานคู่กับเค้กเนยสดหน้าแยมแล้ว อร่อยคูณสองไปเลย', 89, 200, 5),
(2, 'buttercake.jpg', 'เค้กเนยสดหน้าแยม ขนาด 2 ปอนด์', 'เค้ก', 'เค้กแสนนุ่มที่โรยท็อปปิ้งไปด้วยเมล็ดธัญพืชต่างๆ เยลลี่แสนอร่อย ที่เมื่อรับประทานคู่กับเค้กเนยสดหน้าแยมแล้ว อร่อยคูณสองไปเลย', 0, 350, 0),
(3, 'buttercake.jpg', 'เค้กเนยสดหน้าแยม ขนาด 3 ปอนด์', 'เค้ก', 'เค้กแสนนุ่มที่โรยท็อปปิ้งไปด้วยเมล็ดธัญพืชต่างๆ เยลลี่แสนอร่อย ที่เมื่อรับประทานคู่กับเค้กเนยสดหน้าแยมแล้ว อร่อยคูณสองไปเลย', 87, 500, 5),
(4, 'buttercake.jpg', 'เค้กเนยสดหน้าแยม ขนาด 4 ปอนด์', 'เค้ก', 'เค้กแสนนุ่มที่โรยท็อปปิ้งไปด้วยเมล็ดธัญพืชต่างๆ เยลลี่แสนอร่อย ที่เมื่อรับประทานคู่กับเค้กเนยสดหน้าแยมแล้ว อร่อยคูณสองไปเลย', 100, 650, 0),
(5, 'foithong-cake.jpg', 'เค้กครีมฝอยทอง ขนาด 1 ปอนด์', 'เค้ก', 'รสชาติดีต่อใจ หน้าเค้กเนียน ฝอยทองแน่นๆ สามารถนำไปมอบเป็นเค้กวันเกิด เค้กปีใหม่ หรือเป็นของพิเศษในโอกาสสำคัญๆ ได้เลย', 100, 200, 0),
(6, 'foithong-cake.jpg', 'เค้กครีมฝอยทอง ขนาด 2 ปอนด์', 'เค้ก', 'รสชาติดีต่อใจ หน้าเค้กเนียน ฝอยทองแน่นๆ สามารถนำไปมอบเป็นเค้กวันเกิด เค้กปีใหม่ หรือเป็นของพิเศษในโอกาสสำคัญๆ ได้เลย', 100, 350, 0),
(7, 'foithong-cake.jpg', 'เค้กครีมฝอยทอง ขนาด 3 ปอนด์', 'เค้ก', 'รสชาติดีต่อใจ หน้าเค้กเนียน ฝอยทองแน่นๆ สามารถนำไปมอบเป็นเค้กวันเกิด เค้กปีใหม่ หรือเป็นของพิเศษในโอกาสสำคัญๆ ได้เลย', 100, 500, 0),
(8, 'foithong-cake.jpg', 'เค้กครีมฝอยทอง ขนาด 4 ปอนด์', 'เค้ก', 'รสชาติดีต่อใจ หน้าเค้กเนียน ฝอยทองแน่นๆ สามารถนำไปมอบเป็นเค้กวันเกิด เค้กปีใหม่ หรือเป็นของพิเศษในโอกาสสำคัญๆ ได้เลย', 90, 650, 0),
(9, 'cake-chocolate-choco.jpg', 'เค้กช็อกโกแลตหน้าช็อค ขนาด 1 ปอนด์', 'เค้ก', 'เป็นเค้กที่โดดเด่นด้วยความหอมหวานของช็อกโกแลต และความนุ่มนวลของเนื้อเค้กในทุกสัมผัส พร้อมท็อปปิ้งด้วยขนมช็อกโกแลตที่ขึ้นรูปอย่างสวยงาม', 95, 350, 0),
(10, 'cake-chocolate-choco.jpg', 'เค้กช็อกโกแลตหน้าช็อค ขนาด 2 ปอนด์', 'เค้ก', 'เป็นเค้กที่โดดเด่นด้วยความหอมหวานของช็อกโกแลต และความนุ่มนวลของเนื้อเค้กในทุกสัมผัส พร้อมท็อปปิ้งด้วยขนมช็อกโกแลตที่ขึ้นรูปอย่างสวยงาม', 100, 500, 0),
(11, 'cake-chocolate-choco.jpg', 'เค้กช็อกโกแลตหน้าช็อค ขนาด 3 ปอนด์', 'เค้ก', 'เป็นเค้กที่โดดเด่นด้วยความหอมหวานของช็อกโกแลต และความนุ่มนวลของเนื้อเค้กในทุกสัมผัส พร้อมท็อปปิ้งด้วยขนมช็อกโกแลตที่ขึ้นรูปอย่างสวยงาม', 95, 650, 0),
(12, 'cake-chocolate-choco.jpg', 'เค้กช็อกโกแลตหน้าช็อค ขนาด 4 ปอนด์', 'เค้ก', 'เป็นเค้กที่โดดเด่นด้วยความหอมหวานของช็อกโกแลต และความนุ่มนวลของเนื้อเค้กในทุกสัมผัส พร้อมท็อปปิ้งด้วยขนมช็อกโกแลตที่ขึ้นรูปอย่างสวยงาม', 100, 800, 0),
(13, 'cake-chocolate-cream.jpg', 'เค้กช็อกโกแลตหน้าครีม ขนาด 1 ปอนด์', 'เค้ก', 'มีความคล้ายคลึงกับเค้กช็อกโกแลตหน้าช็อค เพียงแค่เพิ่มครีมลงไปเพื่อเพิ่มความเอร็ดอร่อยและรสชาติที่หลากหลาย', 105, 350, 0),
(14, 'cake-chocolate-cream.jpg', 'เค้กช็อกโกแลตหน้าครีม ขนาด 2 ปอนด์', 'เค้ก', 'มีความคล้ายคลึงกับเค้กช็อกโกแลตหน้าช็อค เพียงแค่เพิ่มครีมลงไปเพื่อเพิ่มความเอร็ดอร่อยและรสชาติที่หลากหลาย', 100, 500, 0),
(15, 'cake-chocolate-cream.jpg', 'เค้กช็อกโกแลตหน้าครีม ขนาด 3 ปอนด์', 'เค้ก', 'มีความคล้ายคลึงกับเค้กช็อกโกแลตหน้าช็อค เพียงแค่เพิ่มครีมลงไปเพื่อเพิ่มความเอร็ดอร่อยและรสชาติที่หลากหลาย', 100, 650, 0),
(16, 'cake-chocolate-cream.jpg', 'เค้กช็อกโกแลตหน้าครีม ขนาด 4 ปอนด์', 'เค้ก', 'มีความคล้ายคลึงกับเค้กช็อกโกแลตหน้าช็อค เพียงแค่เพิ่มครีมลงไปเพื่อเพิ่มความเอร็ดอร่อยและรสชาติที่หลากหลาย', 100, 800, 0),
(17, 'mocha-caramel.jpg', 'มอคค่าคาราเมลเค้ก ขนาด 1 ปอนด์', 'เค้ก', 'เค้กที่โรยหน้าไปด้วยคาราเมลแสนหวาน พร้อมเติมเม็ดมะม่วงหิมพานต์จนอัดแน่นคุ้มราคา', 97, 250, 0),
(18, 'mocha-caramel.jpg', 'มอคค่าคาราเมลเค้ก ขนาด 2 ปอนด์', 'เค้ก', 'เค้กที่โรยหน้าไปด้วยคาราเมลแสนหวาน พร้อมเติมเม็ดมะม่วงหิมพานต์จนอัดแน่นคุ้มราคา', 100, 400, 0),
(19, 'mocha-caramel.jpg', 'มอคค่าคาราเมลเค้ก ขนาด 3 ปอนด์', 'เค้ก', 'เค้กที่โรยหน้าไปด้วยคาราเมลแสนหวาน พร้อมเติมเม็ดมะม่วงหิมพานต์จนอัดแน่นคุ้มราคา', 100, 550, 0),
(20, 'mocha-caramel.jpg', 'มอคค่าคาราเมลเค้ก ขนาด 4 ปอนด์', 'เค้ก', 'เค้กที่โรยหน้าไปด้วยคาราเมลแสนหวาน พร้อมเติมเม็ดมะม่วงหิมพานต์จนอัดแน่นคุ้มราคา', 100, 700, 0),
(21, 'brownie.jpg', 'บราวนี ขนาด 1 ปอนด์', 'เค้ก', 'ขนมช็อกโกแลตที่หลายๆคนหลงรัก เป็นขนมที่โดดเด่นในรสชาติ ช็อกโกแลตสุดเข้มข้น และมีเนื้อสัมผัสคล้ายเค้ก และคุกกี้ผสมกัน พร้อมโรยท็อปปิ้งไปด้วยถั่วอัลมอนด์และเม็ดมะม่วงหิมพานต์สไลด์', 100, 200, 0),
(22, 'brownie.jpg', 'บราวนี ขนาด 2 ปอนด์', 'เค้ก', 'ขนมช็อกโกแลตที่หลายๆคนหลงรัก เป็นขนมที่โดดเด่นในรสชาติ ช็อกโกแลตสุดเข้มข้น และมีเนื้อสัมผัสคล้ายเค้ก และคุกกี้ผสมกัน พร้อมโรยท็อปปิ้งไปด้วยถั่วอัลมอนด์และเม็ดมะม่วงหิมพานต์สไลด์', 100, 350, 0),
(23, 'brownie.jpg', 'บราวนี ขนาด 3 ปอนด์', 'เค้ก', 'ขนมช็อกโกแลตที่หลายๆคนหลงรัก เป็นขนมที่โดดเด่นในรสชาติ ช็อกโกแลตสุดเข้มข้น และมีเนื้อสัมผัสคล้ายเค้ก และคุกกี้ผสมกัน พร้อมโรยท็อปปิ้งไปด้วยถั่วอัลมอนด์และเม็ดมะม่วงหิมพานต์สไลด์', 100, 500, 0),
(24, 'brownie.jpg', 'บราวนี ขนาด 4 ปอนด์', 'เค้ก', 'ขนมช็อกโกแลตที่หลายๆคนหลงรัก เป็นขนมที่โดดเด่นในรสชาติ ช็อกโกแลตสุดเข้มข้น และมีเนื้อสัมผัสคล้ายเค้ก และคุกกี้ผสมกัน พร้อมโรยท็อปปิ้งไปด้วยถั่วอัลมอนด์และเม็ดมะม่วงหิมพานต์สไลด์', 100, 650, 0),
(25, 'cookie-butter.jpg', 'คุกกี้เนยสด ไซส์ S', 'คุกกี้เนยสด', 'คุกกี้สูตรลับของวิทยาลัยอาชีวศึกษาสุราษฎร์ธานี มีรสชาติที่หวานละมุนลิ้นที่เต็มไปด้วยกลิ่นเนยอ่อนๆ อีกทั้งเนื้อคุกกี้มีความกรอบทุกคำ เรียกได้ว่ายิ่งทานยิ่งอร่อย สามารถนำไปมอบเป็นของขวัญปีใหม่ให้กับคนที่คุณรักได้', 100, 100, 0),
(26, 'cookie-butter-M.jpg', 'คุกกี้เนยสด ไซส์ M', 'คุกกี้เนยสด', 'คุกกี้สูตรลับของวิทยาลัยอาชีวศึกษาสุราษฎร์ธานี มีรสชาติที่หวานละมุนลิ้นที่เต็มไปด้วยกลิ่นเนยอ่อนๆ อีกทั้งเนื้อคุกกี้มีความกรอบทุกคำ เรียกได้ว่ายิ่งทานยิ่งอร่อย สามารถนำไปมอบเป็นของขวัญปีใหม่ให้กับคนที่คุณรักได้', 100, 130, 0),
(27, 'cookie-butter-L.jpg', 'คุกกี้เนยสด ไซส์ L', 'คุกกี้เนยสด', 'คุกกี้สูตรลับของวิทยาลัยอาชีวศึกษาสุราษฎร์ธานี มีรสชาติที่หวานละมุนลิ้นที่เต็มไปด้วยกลิ่นเนยอ่อนๆ อีกทั้งเนื้อคุกกี้มีความกรอบทุกคำ เรียกได้ว่ายิ่งทานยิ่งอร่อย สามารถนำไปมอบเป็นของขวัญปีใหม่ให้กับคนที่คุณรักได้', 100, 180, 0),
(28, 'cookie-premium.jpg', 'คุกกี้พรีเมียม รสคอร์นเฟลก', 'คุกกี้พรีเมียม', 'คุกกี้สูตรลับของวิทยาลัยอาชีวศึกษาสุราษฎร์ธานี ที่ใส่ส่วนผสมสุดพรีเมียมเข้าไปเพื่อเพิ่มความเอร็ดอร่อยและเพิ่มความสนุกในการรับประทาน', 100, 290, 0),
(29, 'cookie-premium-bean.jpg', 'คุกกี้พรีเมียม รสเม็ดมะม่วงหิมพานต์', 'คุกกี้พรีเมียม', 'คุกกี้สูตรลับของวิทยาลัยอาชีวศึกษาสุราษฎร์ธานี ที่ใส่ส่วนผสมสุดพรีเมียมเข้าไปเพื่อเพิ่มความเอร็ดอร่อยและเพิ่มความสนุกในการรับประทาน', 100, 290, 0),
(30, 'cookie-premium2.jpg', 'คุกกี้พรีเมียม รสมะพร้าว', 'คุกกี้พรีเมียม', 'คุกกี้สูตรลับของวิทยาลัยอาชีวศึกษาสุราษฎร์ธานี ที่ใส่ส่วนผสมสุดพรีเมียมเข้าไปเพื่อเพิ่มความเอร็ดอร่อยและเพิ่มความสนุกในการรับประทาน', 100, 290, 0);

-- --------------------------------------------------------

--
-- Table structure for table `quest_info`
--

CREATE TABLE `quest_info` (
  `QNo` int(3) NOT NULL,
  `Quest` varchar(255) NOT NULL,
  `Answer` varchar(500) NOT NULL
) ENGINE=InnoDB DEFAULT CHARSET=utf8 COLLATE=utf8_general_ci COMMENT='ตารางคำถามที่พบบ่อย';

--
-- Dumping data for table `quest_info`
--

INSERT INTO `quest_info` (`QNo`, `Quest`, `Answer`) VALUES
(1, 'เค้ก คุกกี้ SVC ส่งสุข ของวิทยาลัยอาชีวศึกษาสุราษฎร์ธานี คืออะไร?', 'โครงการเค้ก คุกกี้ SVC ส่งสุข เป็นโครงการที่จัดทำขึ้นต่อเนื่องมาหลายปีแล้ว โดยจะใช้แผนกวิชาคหกรรม และแผนกวิชาอาหารและโภชนาการที่มีการเรียนการสอนด้านอาหารเป็นหลัก ได้ใช้พื้นที่อาคารเรียนเปิดผลิตเค้กและคุกกี้ในรูปแบบโรงงาน ซึ่งเป็นการฝึกประสบการณ์วิชาชีพและหารายได้ระหว่างเรียนให้กับนักเรียน นักศึกษา'),
(2, 'เค้ก คุกกี้ SVC ส่งสุข ของวิทยาลัยอาชีวศึกษาสุราษฎร์ธานี แตกต่างจากที่อื่นอย่างไร?', 'ใช้วัตถุดิบที่มีคุณภาพ ผลิตสดใหม่หอมกรุ่นจากเตา ไม่มีส่วนผสมของวัตถุกันเสีย สินค้าเค้กและคุกกี้เป็นสูตรลับเฉพาะจากครัววิทยาลัยอาชีวศึกษาสุราษฎร์ธานี พร้อมควบคุมคุณภาพทุกขั้นตอนการผลิต มีความสะอาด ปลอดภัย ใส่ใจทุกขั้นตอนราคาไม่แพง เหมาะที่จะเป็นของฝากให้กับคนที่คุณรัก และผลิตโดยนักเรียน นักศึกษา แผนกวิชาคหกรรมและแผนกวิชาอาหารและโภชนาการ ควบคุมการผลิตโดยคณะครู อาจารย์แผนกอาหารและโภชนาการ และที่สำคัญ 1 ปีมีเพียงแค่ ครั้งเดียว เท่านั้น'),
(3, 'สามารถรับสินค้าได้ตั้งแต่วันไหน?', 'คุกกี้รับสินค้าได้ตั้งแต่วันที่ 1-28 ธันวาคม เค้กรับสินค้าได้ตั้งแต่วันที่ 26-28 ธันวาคม บริเวณหน้าอาคารแผนกอาหารและโภชนาการ วิทยาลัยอาชีวศึกษาสุราษฎร์ธานี');

-- --------------------------------------------------------

--
-- Table structure for table `role_t`
--

CREATE TABLE `role_t` (
  `RoleID` varchar(2) NOT NULL,
  `RoleName` varchar(50) NOT NULL
) ENGINE=InnoDB DEFAULT CHARSET=utf8 COLLATE=utf8_general_ci COMMENT='ประเภทตำแหน่ง/บทบาท';

--
-- Dumping data for table `role_t`
--

INSERT INTO `role_t` (`RoleID`, `RoleName`) VALUES
('1', 'นักเรียน นักศึกษา'),
('2', 'คุณครู/อาจารย์'),
('3', 'ผู้ดูแลระบบ');

-- --------------------------------------------------------

--
-- Table structure for table `s_role`
--

CREATE TABLE `s_role` (
  `S_role` varchar(2) NOT NULL,
  `role` varchar(20) NOT NULL
) ENGINE=InnoDB DEFAULT CHARSET=utf8 COLLATE=utf8_general_ci COMMENT='ตำแหน่งนักเรียน(regis)';

--
-- Dumping data for table `s_role`
--

INSERT INTO `s_role` (`S_role`, `role`) VALUES
('1', 'นักเรียน นักศึกษา');

--
-- Indexes for dumped tables
--

--
-- Indexes for table `orderstatus`
--
ALTER TABLE `orderstatus`
  ADD PRIMARY KEY (`StatusNo`);

--
-- Indexes for table `order_cart`
--
ALTER TABLE `order_cart`
  ADD PRIMARY KEY (`Order_No`);

--
-- Indexes for table `order_cart_detail`
--
ALTER TABLE `order_cart_detail`
  ADD PRIMARY KEY (`no`);

--
-- AUTO_INCREMENT for dumped tables
--

--
-- AUTO_INCREMENT for table `orderstatus`
--
ALTER TABLE `orderstatus`
  MODIFY `StatusNo` int(2) NOT NULL AUTO_INCREMENT, AUTO_INCREMENT=5;

--
-- AUTO_INCREMENT for table `order_cart`
--
ALTER TABLE `order_cart`
  MODIFY `Order_No` int(5) NOT NULL AUTO_INCREMENT COMMENT 'เลขสั่งซื้อ', AUTO_INCREMENT=163;

--
-- AUTO_INCREMENT for table `order_cart_detail`
--
ALTER TABLE `order_cart_detail`
  MODIFY `no` int(5) NOT NULL AUTO_INCREMENT COMMENT 'ลำดับ', AUTO_INCREMENT=65;
COMMIT;

/*!40101 SET CHARACTER_SET_CLIENT=@OLD_CHARACTER_SET_CLIENT */;
/*!40101 SET CHARACTER_SET_RESULTS=@OLD_CHARACTER_SET_RESULTS */;
/*!40101 SET COLLATION_CONNECTION=@OLD_COLLATION_CONNECTION */;
